date,product,category,revenue,quantity,country
2026-01-03,Mechanical Keyboard,Accessories,129.99,2,Germany
2026-01-04,USB-C Hub,Accessories,59.99,3,Japan
2026-01-05,Monitor,Displays,349.00,1,Germany
2026-01-06,Mouse,Accessories,79.50,5,France
2026-01-07,Monitor,Displays,299.00,2,Japan
2026-01-08,Laptop Stand,Accessories,45.00,4,Germany
2026-01-09,Webcam,Cameras,119.99,2,United Kingdom
2026-01-10,Mechanical Keyboard,Accessories,129.99,1,Japan
2026-01-11,Monitor,Displays,,1,Germany
2026-01-12,USB-C Hub,Accessories,59.99,6,France